{"cameraMode":{"drawMode":0,"name":"Shaded","section":"Shading Mode"},"sceneLighting":true,"audioPlay":false,"sceneViewState":{"m_AlwaysRefresh":false,"showFog":true,"showSkybox":true,"showFlares":true,"showImageEffects":true,"showParticleSystems":true,"showVisualEffectGraphs":true,"m_FxEnabled":true},"in2DMode":false,"pivot":{"x":-27.806398391723634,"y":0.174820214509964,"z":-26.344348907470704},"rotation":{"x":0.028845136985182763,"y":0.5790453553199768,"z":-0.020504290238022805,"w":0.8145289421081543},"size":0.7524470686912537,"orthographic":true}