{"cameraMode":{"drawMode":0,"name":"Shaded","section":"Shading Mode"},"sceneLighting":true,"audioPlay":false,"sceneViewState":{"m_AlwaysRefresh":false,"showFog":true,"showSkybox":true,"showFlares":true,"showImageEffects":true,"showParticleSystems":true,"showVisualEffectGraphs":true,"m_FxEnabled":true},"in2DMode":false,"pivot":{"x":35.97568130493164,"y":13.697493553161621,"z":-14.789942741394043},"rotation":{"x":0.029511917382478715,"y":-0.2953813672065735,"z":0.009131046012043953,"w":0.9548840522766113},"size":22.117599487304689,"orthographic":false}