{"cameraMode":{"drawMode":0,"name":"Shaded","section":"Shading Mode"},"sceneLighting":true,"audioPlay":false,"sceneViewState":{"m_AlwaysRefresh":false,"showFog":true,"showSkybox":true,"showFlares":true,"showImageEffects":true,"showParticleSystems":true,"showVisualEffectGraphs":true,"m_FxEnabled":true},"in2DMode":false,"pivot":{"x":0.3201984167098999,"y":0.050646185874938968,"z":-0.8044141530990601},"rotation":{"x":-0.1184210404753685,"y":0.5275611877441406,"z":-0.07456012070178986,"w":-0.8379162549972534},"size":1.6590673923492432,"orthographic":false}