{"cameraMode":{"drawMode":0,"name":"Shaded","section":"Shading Mode"},"sceneLighting":true,"audioPlay":false,"sceneViewState":{"m_AlwaysRefresh":false,"showFog":true,"showSkybox":true,"showFlares":true,"showImageEffects":true,"showParticleSystems":true,"showVisualEffectGraphs":true,"m_FxEnabled":false},"in2DMode":false,"pivot":{"x":-1.1522579193115235,"y":0.36824485659599306,"z":-1.735753059387207},"rotation":{"x":0.02633543685078621,"y":0.7112549543380737,"z":-0.026683613657951356,"w":0.701922595500946},"size":0.8248949646949768,"orthographic":false}